"year","d"
"1","1982","2.61776176005946"
"2","1990","2.57714186031709"
"3","1994","2.63191784003201"
"4","1996","2.65373066953119"
"5","2008","2.35"
